id,username,hash
2cd69f7d-9d4a-4f52-a924-cb9c7a49ed1a,user1,d0b379bd-9f97-45e6-a067-fe06d9a74c0f
ffbd4a43-53d9-4784-a680-cfd3b760a1f6,user2,6e102182-ee1f-4183-b9b5-35a9128c4eaf
ba5e7968-0dd6-4def-bc44-c1ecc283cfa9,user3,2276f8f7-85b2-4ef7-afee-4d61e5cec29b
9416dbc1-6de7-4073-b97d-8d3608ce2fdc,user4,ee4d173f-2b79-4351-9e32-5dd615692c99
1006ee86-363f-4ebf-95d7-dae8bd833dd5,user5,a51ba2e6-2aca-4bc7-a639-fbbb2114ea8f
952ec616-120a-4144-b467-487d178c8b7e,user6,e7084103-d9d7-4594-a4f5-98a7be23a733
94ddb001-fc53-41cc-ac31-c7084e132c2c,user7,47bc3694-0997-4bb6-ac6a-a9d9fb6a7f12
49ebe332-3887-4927-bad7-a5bf85d87e6b,user8,00b27b93-89c8-4afb-9057-d81f1d8e8eda
cc2d25ba-1b5f-478d-ac8e-3093861cc0ab,user9,3ca9ea78-a6b7-4119-83b6-fc4e48a0675d
e80ab050-def9-4132-b037-6b97e1ec94af,user10,91e55d70-cf4c-4431-bd1c-e415996f7c96
57009f79-0b14-4955-987d-218448564c7b,user11,2f80a3ec-d084-46ba-97be-a672118def7a
9b67067e-f1d7-4571-bb2d-3bc7380b1ad9,user12,fa8dc564-04e3-45ad-b1ab-dc8eedbaf3b5
0249902a-e7f0-4d5d-88f3-f9f473ba54a8,user13,3e315b35-3af6-4eb2-9488-6a665fc24155
8aa40a5a-0313-46ee-b58c-afe38e268a32,user14,d666060c-67b9-448e-9589-49f82375d8a9
81ab3618-b913-4623-885b-4bef2d55729e,user15,48b28ab5-eef9-4052-bfd1-11eb91dc4f53
e1103af8-a62c-4552-b082-f22270531bf7,user16,a52ba418-d749-479d-aebe-442aeb4f5db8
56ed07c3-1c0b-4e52-9b7c-83a2b373e41d,user17,e849fcd6-433a-4ce9-ba6f-df627a2eed24
7a72b6fe-01ff-40de-8d8c-16be55447bf6,user18,94ebe68c-adf2-4e49-9b25-684133a810b9
adcd2270-e71f-4a76-8910-122a8e4bdccb,user19,c7b51d6d-e418-49a2-83bf-57b443a181d0
b18f4640-7dca-40c4-9d1a-87dd0c09b9a4,user20,713b08a5-df48-46d1-acee-6f86b741d2e1
649b63c9-f47f-4905-abfb-782b35e0001f,user21,73024810-ac1c-4f82-aa94-4ead0e88ce47
087fd17b-a16f-4277-abc2-205eca68d16f,user22,49c5e224-b618-4fbc-908b-fbe94e4b57bb
92f340d4-461b-40ec-a310-c184a1593d37,user23,51e3c43c-1225-4e1d-aac9-49635b03b679
0e01a14d-21f2-4154-af81-e7a6fadcb05b,user24,439d7c8b-875d-4ea5-8c60-29715c9de109
f2b2d8d4-3532-4a81-9206-7114f02197bd,user25,97bd26c0-d403-46a7-9e38-ae688d052c98
9d2f0f8e-b572-4047-a735-58e00d12faa5,user26,a9cda573-0f69-4544-8de4-934905f29985
b862dcc1-daae-41ae-97ed-524433f7a5ac,user27,15408bfb-3f7a-435e-9c6a-9cc1e67782ee
eb8e9f5c-828b-415d-9123-aee0841ec5bb,user28,f851fe1f-23f4-46e5-bf5d-e5d1fa6afbdc
eca8eac2-7c3e-49ee-afa3-73ed117cdc76,user29,c4a11c30-b6b3-481b-9b29-4f8f379a90d7
72603ca0-d1e8-4243-8fe1-c13bdc8a8577,user30,c03de71f-61f0-437d-9083-201be4ae473a
